y,x1,x2,x3,x4,x5,x6,x7,x8,x9,x10,x11,x12
1,0.4483,8.6906,14.04,1.47,1.9618,0.39,0.62,1.7,41.28,97.0059,47.2,92.58
0,1.5086,1.3329,20.48,1.37,9.3507,3.01,4.44,0.86,28.41,66.5743,37.5,101.03
0,1.2846,2.5662,14,1.39,13.6116,3.36,13.74,2.75,414.41,46.043,27.3,80.86
1,1.7055,23.8499,4.58,3.03,3.2908,22.63,2.45,2.09,227.2,169.9887,55.9,117.6
1,1.2418,4.2946,170.87,2.27,0.9967,1.56,5.05,0.98,28.28,33.2361,50.4,60.22
0,0.8177,17.3296,20.24,1.5,41.4123,2.71,0.28,0.42,612.89,162.9008,120.4,11.54
1,0.8545,7.2001,1.52,0.56,1.8751,0.77,4.05,1.7,19.5,63.9739,22.6,114.39
1,1.8209,0.4107,1.01,0.96,0.1222,0.6,0.13,2.81,1509.85,7.2623,5.4,108.48
1,0.866,0.3595,4.86,1.56,0.686,2.56,0.52,1.25,40.55,1191.1806,250.8,90.62
0,0.1375,7.9278,1.45,0.15,8.8542,1.57,0.21,0.06,1701.63,197.6227,107.7,130.69
0,1.7393,0.9795,14.87,0.86,3.8291,1.82,12.06,0.39,641.33,207.1619,179.6,121.9
0,1.5108,20.4089,16.98,4.45,1.3877,2.73,0.87,1.1,30.01,85.2707,113.8,43.53
0,0.5579,0.1498,64.82,1.11,4.6857,1.41,2.61,3.71,203.05,124.843,101.5,86.06
1,0.4681,0.1005,1.48,1.01,2.231,1.48,0.26,0.73,123.21,1537.1864,88.6,32.83
1,0.9064,20.3413,7.24,5.98,5.2905,0.15,2.08,2.28,82.26,158.4552,99.7,11.82
0,0.6654,0.6959,47.45,0.64,2.4891,0.3,0.44,2.53,44.16,41.1874,302,45.83
1,1.3788,0.2801,1.76,2.3,0.8684,2.65,4.08,1.59,46.99,98.2457,253.3,52.5
1,1.4567,0.1516,1.07,1.31,2.3259,0.29,0.96,1.74,25.16,30.9874,120.2,44.74
0,1.3914,501.187,312.29,1.42,67.4757,8.62,17.62,6.94,6724.55,18.8992,27.3,0.76
1,0.4159,0.1454,0.2,0.16,5.4592,0.36,1.14,1.07,17.3,148.7928,35.7,66.13
1,0.3323,0.1882,0.71,0.27,0.862,1.53,1,1.15,62.49,188.1703,63,155.87
0,0.3302,0.0194,3.06,0.85,0.4617,1.51,0.6,1.36,102.48,96.053,337.1,101.59
1,0.9138,0.512,0.36,4.79,2.5057,0.57,1.01,0.26,24.49,69.6722,186.4,75.18
1,0.4637,0.6934,3.14,0.47,0.8121,0.87,9.18,1.93,31.21,173.65,333.1,191.02
0,1.4386,52.8611,174.15,5.57,3.4895,1.38,7.14,2.22,3737.18,34.7464,36.1,47.21
0,1.5443,4.1649,11.47,0.93,0.4479,2.74,1.87,2.48,24.36,193.65,67.1,162.96
1,0.8883,0.935,49.26,1.05,8.3679,0.52,2.97,0.21,77.27,160.717,101.1,27
1,1.3504,0.7215,0.95,1.95,1.2228,1.02,0.38,0.77,38.35,129.0935,32.2,146.61
1,2.5474,40.3105,675.26,1.36,14.4594,10.14,7.91,10.67,279.28,34.8766,43.4,491.84
0,1.9272,0.5071,9.19,0.96,2.8306,11.61,1.22,0.96,97.06,78.6367,134.1,41.08
0,0.7612,4.6224,0.65,1.14,0.7495,0.35,0.41,0.47,42.75,82.3318,60.3,21.1
0,3.7413,151.3918,347.63,2.26,25.0047,2.02,2.42,11.34,203.31,117.5118,91.7,22.77
0,0.7916,7.7148,0.27,2.36,2.0452,4.72,2.54,1.51,531.37,92.0814,307.3,61.87
0,0.6305,4.6453,0.15,0.35,1.1499,0.32,0.17,1.57,154.43,76.6385,172.8,27.95
0,0.5085,7.6093,2.9,2.97,2.0927,10.55,6.34,0.55,296.53,43.9937,68.5,328.11
0,3.4133,2.1825,1.86,0.95,0.2218,0.65,0.2,0.73,10.44,108.9397,47.3,30.57
1,0.8976,0.0144,1.47,2.21,0.8312,0.38,0.1,1.78,73.94,84.3799,647.2,77.5
0,1.6036,128.1666,15.76,2.05,0.6947,34.7,8.55,1.5,4225.11,45.58,47,18.61
0,1.4366,0.9138,2.99,1.65,2.5768,2.16,0.37,0.64,39.45,125.0819,96.1,36.28
1,0.7712,0.0381,0.66,0.33,0.5118,0.37,0.03,0.82,1846.36,103.7349,95.5,102.28
1,0.5237,0.4474,1.5,1.98,0.7101,4.45,8.73,1.22,176.23,87.5507,309.3,169.83
1,0.9271,14.2407,2.53,0.52,4.0569,7.07,0.82,2.92,25.45,51.3929,209.5,73.89
1,0.8058,0.1745,0.05,0.65,0.564,0.99,1.27,1.09,115.85,60.2203,70.6,74.34
0,0.8597,1.4722,0.31,1.02,0.7125,5.43,1.16,2.06,53.09,130.475,85.3,20.93
1,0.4447,0.024,0.13,3.01,0.4409,0.35,0.4,1.03,413.79,139.7359,85.3,279.76
1,0.2745,0.667,1.25,0.37,2.444,1.35,0.95,3.9,65.21,73.4548,242.8,248.54
1,1.3116,1.2617,1.01,2.21,1.8265,0.48,3.11,1.47,22.64,132.1722,125.3,21.79
0,3.7281,8.4175,9.28,4.08,4.7667,2.34,2.48,4.25,1184.11,44.0274,81.1,136.51
0,2.6112,2.6826,0.45,2.27,1.6695,8.71,0.9,1.45,597.87,147.2222,82.1,398.7
0,2.0276,8.5697,37.62,3,4.4221,3.77,0.85,3.47,79.37,171.2132,132.1,60.75
1,0.2647,1.0455,153.67,0.75,1.7502,5.28,1.2,0.8,243.38,17.1145,9.4,98.7
0,0.4096,0.3129,3.53,0.53,1.1409,0.53,0.49,1.64,117.93,63.8909,212.6,95.91
1,0.5845,0.3115,0.1,0.83,0.5706,2.38,0.08,1.13,261.84,34.1769,147.7,28.61
0,2.0034,0.2149,0.62,2.67,0.5412,0.66,4.25,1.29,20.97,55.3025,66.7,135.53
0,5.3393,49.9057,87.52,4.8,7.6491,15.07,16.64,2.87,160.39,307.8738,58.2,3.05
1,0.2979,0.6425,0.3,0.49,0.2181,0.2,0.45,0.27,49.56,84.649,35.3,108.18
1,0.792,0.3733,0.22,0.62,3.2111,0.4,0.45,2.5,353.53,27.7985,86.8,45.17
0,1.0742,0.6127,0.44,3.78,0.9457,2.25,3.07,1.89,133.89,38.2938,20.2,464.48
0,0.6603,0.4932,1.63,1.74,0.1111,0.1,2.86,1.73,115.4,36.2008,142.4,37.27
0,0.8806,1.2201,3.36,3.73,0.9508,6.3,0.45,1.52,12.9,164.9279,250.8,22.18
0,1.9806,62.141,150.96,4.68,25.7353,10.42,4.17,2.05,2524.51,13.3324,31.2,0.19
1,0.5416,0.4206,25.4,0.99,2.2088,2.61,1.84,1.35,155.58,22.4994,47,20.82
0,1.3757,1.7396,1.3,0.75,1.483,0.37,1.76,1.61,184.23,198.0177,176.3,149.19
0,2.1509,0.1119,0.13,0.75,2.4244,3.02,0.23,0.65,50.61,34.7433,24.6,31.42
0,0.4531,0.5899,7.02,1.86,0.1361,0.93,0.64,0.65,517.61,175.8089,121.1,91.88
1,0.5428,6.6643,71.68,0.61,0.4204,2.18,3.15,1.23,277.51,55.1778,68,31.17
1,0.3139,0.9534,0.67,0.4,2.269,0.18,0.09,1.25,1441.01,143.8258,70.7,907.49
0,0.5383,4.8369,30.53,0.35,1.151,1.86,1.52,1.26,13.61,818.2076,163.8,182.62
1,0.1833,1.7865,0.43,0.24,0.5128,0.07,0.13,0.19,79.86,38.8466,69.4,77.03
1,1.2831,0.0929,7.42,1.32,0.8225,0.24,3.67,1.21,37.12,102.4923,92.2,15.89
0,1.2218,0.1928,11.93,0.36,4.4653,4.97,1.54,3.79,812.1,101.7384,77.4,31.69
1,3.3599,6.4532,30.71,3.33,1.0993,0.34,6.27,3.34,84.91,96.489,197.7,82.7
0,2.4223,10.0544,109.49,2.09,7.5375,24.52,0.29,6.49,155.58,69.2015,33.2,48.21
1,1.51,8.9181,7.42,2.63,47.4167,13.27,2.15,1.45,60.68,62.7342,199,10.12
1,0.5306,0.4301,4.54,0.88,1.8388,0.29,0.77,0.52,89.93,50.0737,27.2,72.46
0,1.8687,5.0791,0.86,0.44,23.6873,20.68,1.78,6.03,94.82,28.1814,59.6,73.32
1,0.2803,4.4497,0.38,0.08,6.5858,4.1,0.66,0.05,3332.15,60.1328,77.9,22.52
0,0.5408,4.2325,9.59,0.14,16.5585,2.06,0.15,0.54,1005.05,79.4931,109.2,3.4
0,0.1913,0.1445,1.27,0.07,7.9334,7.29,0.17,0.04,1631.21,125.349,66.8,46.1
1,0.9699,73.0959,31.84,3.5,2.1014,5.65,13.76,1.43,629.73,596.7111,547.7,270.39
0,1.0607,2.2352,6.48,2.13,1.9002,0.64,0.32,0.96,32.39,107.9046,23.4,17.97
1,0.2035,0.136,11.94,0.84,1.066,0.88,0.52,1.51,115.07,131.8948,54,67.33
1,0.2899,0.7122,13.56,0.22,1.0439,0.49,0.07,0.4,239.23,95.6798,145.9,115.53
0,1.7645,3.4662,4.66,1.33,0.654,1.54,5.85,1.92,164.58,58.6315,10.7,502.74
0,1.781,12.3752,6,1.21,0.721,2.35,0.96,1.79,33.31,52.178,58.6,46.7
0,2.1602,31.1807,207.82,0.36,11.123,11.33,2.21,2.19,214.77,29.3787,157.9,106.64
1,0.7068,4.2976,0.91,2.43,0.245,1.16,0.55,0.69,152.65,3.6355,7.5,16.64
1,0.57,6.6346,1,1.17,0.9447,0.76,0.41,0.86,194.52,99.6505,13.3,98.12
0,1.9765,14.2427,16.34,2.33,3.2402,14.28,0.54,10.39,57.42,87.8024,24,20.91
0,0.8069,2.2043,118.04,0.77,2.4783,8.21,0.83,2.59,272.17,75.495,17,44.67
1,0.5483,0.0614,1.3,2.36,0.2844,8.48,0.23,0.58,16.58,35.7741,35.1,20.72
0,1.265,34.1313,307.9,0.47,7.6154,8.26,7.7,1.69,18.47,291.449,248.5,53.93
0,0.3805,0.0863,0.24,0.89,0.4601,0.24,0.78,0.14,99.38,67.187,36,31.84
1,2.6034,2.8641,24.19,1.1,5.7915,1.06,0.97,4.98,3.87,71.5925,279.2,27.64
0,0.8748,11.5416,0.07,1.12,2.2018,2.97,10.37,1.53,30.85,60.756,99.4,74.76
1,1.1785,0.8457,130.38,0.92,2.0974,7.88,5.45,1.04,446.75,124.513,158,32.81
1,0.5038,3.6338,2,0.53,1.7964,0.1,0.82,0.2,23.41,39.7226,53,15.68
1,1.0489,18.0242,2.05,0.4,1.7496,0.21,0.46,2.63,1234.2,113.9399,62.9,75.65
1,1.694,20.4614,344.7,3.97,5.5322,27.52,20.91,1.77,2149.11,101.6325,33.8,153.17
0,3.4468,117.052,86.05,2.85,4.6262,0.85,4.88,3.96,238.17,174.6027,34.8,61.56
0,0.4255,27.0652,0.87,0.52,3.8333,4.4,0.13,0.12,21.36,61.2117,42.4,3.01
1,0.3287,0.7577,1.57,1.74,0.5366,5.94,3.29,0.68,31.82,28.5422,60.2,227.08
0,2.6413,0.3558,5.95,0.73,0.7135,1.97,1.26,0.89,6.57,85.1411,48.9,244.84
0,2.7165,1.4915,5.63,0.29,2.374,12.18,0.85,0.27,131.92,65.1301,92.6,150.64
1,0.3412,1.4236,14.89,0.76,0.7706,0.82,0.07,0.66,388.39,31.8756,14.4,42.34
0,1.3762,6.6733,7.64,0.88,1.9297,0.68,1.9,1.45,1148.19,24.6226,35.9,24.2
0,0.7448,7.016,0.11,1.6,3.5024,0.81,0.73,0.67,37.79,73.555,23.8,34.79
0,2.4602,233.4689,15.94,1.43,471.3288,43.86,1.68,1.56,34.08,75.4051,178,27.23
0,0.61,51.9794,5.52,0.31,4.184,1.95,0.18,2.25,76.64,53.0156,79.9,15.28
0,1.0265,5.7571,0.28,0.41,0.534,1.99,1.16,0.71,50,40.0041,27.3,44.42
1,0.5726,0.8097,0.31,3.96,0.5153,0.31,1.8,0.48,28.56,98.8929,95.5,59.26
1,0.2983,21.3187,1.9,0.66,4.2444,2.63,1.13,1.67,13.8,119.2322,206.8,156.46
0,3.2495,19.9569,86.85,4.84,1.7317,6.42,2.6,8.98,165.7,98.8013,280.7,148.19
1,0.5186,2.551,4.14,0.97,0.1138,0.87,3.06,1.06,384.08,21.238,56.5,53.37
1,1.0531,7.6637,0.57,0.56,7.9317,1.67,2.6,0.73,30.53,45.6856,87.2,164.01
0,1.3012,0.1804,3.27,0.47,4.8982,0.49,2.48,1.81,32.77,126.8412,98.4,61.58
0,1.269,8.9227,2253.31,0.72,4.9064,22.25,2.62,2.76,40.99,148.5128,92.2,44.29
1,1.9887,1.0833,17.53,0.76,0.2452,1.8,2.08,0.36,29.23,77.6123,92.1,191.43
0,0.73740000000000006,0.0989,1.92,1.58,0.5168,0.47,0.87,0.5,96.23,152.7555,93.3,283.44
0,0.8596,4.1728,0.55,0.19,24.7066,4.98,1.31,0.38,166.84,47.9951,62.8,8.81
0,1.2109,6.015,6,0.33,3.1289,11.06,1.23,0.79,2212.52,532.0677,373,91.75
0,2.7184,35.3687,3.79,5.38,11.1773,1.18,1.48,8.61,286.73,171.5865,185.5,166.7
1,1.2886,57.205,405.2,8.56,1.1443,2.65,6.23,1.61,3585.85,174.2755,53.1,67.56
0,0.5866,1.1734,1.04,0.77,0.4827,0.61,1.15,3.4,12.25,42.7844,28.3,50.5
1,1.471,0.2288,0.32,0.29,1.3175,2.04,2.63,2.08,46.3,241.5794,431.2,18.05
1,0.5849,0.9543,0.74,1.04,0.8566,0.86,0.14,1.36,92.39,116.4411,38.8,8.08
1,0.9122,21.9216,400.21,0.7,5.118,1,0.64,3.49,187.1,165.1958,113.9,136.29
0,0.4604,0.3479,0.78,0.63,5.5553,0.54,2.39,1.07,435.36,62.9397,135.5,55.75
1,2.2075,3.4943,1.3,4.06,1.3625,0.56,1.18,0.71,71.41,116.6823,113.2,259.4
1,0.4714,0.1082,1.3,1.21,1.1558,0.13,0.43,0.46,67.28,29.4497,96.7,90.96
1,0.7775,0.8215,4.61,0.26,2.1074,0.1,0.19,0.71,2013.93,276.3565,84.4,59.94
1,0.3092,1.7282,0.86,2.52,0.2703,0.42,2.2,0.87,218.08,219.6591,36.2,8.97
1,1.2297,0.3965,0.73,0.85,2.495,0.17,6.66,0.83,64.09,96.0097,97.2,23.06
1,0.4592,0.5896,0.19,0.95,1.3007,0.31,0.38,0.53,197.28,43.1004,38.9,85.55
1,0.8191,1.1704,0.9,0.21,0.3993,1.53,0.24,0.58,14.96,64.4862,430.2,62.53
1,0.6167,7.6442,18.28,0.45,7.1547,1.39,1.14,2.4,10624.31,20.0215,4.7,3.19
1,1.1242,0.5602,0.67,0.65,2.3753,0.16,2.47,2.87,1677.16,34.0736,179.2,60.22
1,1.1697,1.3869,1.97,0.27,0.4554,1.21,3.87,1.01,119.67,42.4143,97.3,193.99
0,1.0556,11.9693,2.86,1.11,0.8794,0.32,0.79,0.59,851.73,278.826,105.7,282.08
0,1.7892,2.4465,69.77,0.5,2.9472,1.07,0.53,1.76,371.22,88.3854,220.7,192.62
1,1.0653,10.43,0.92,2.08,1.0549,1.57,1.48,1.17,68.51,35.9593,159.3,89.59
0,0.8541,4.3966,0.4,2.25,1.1012,0.66,0.54,0.28,11.99,50.535,34.4,9.49
1,0.5654,1.1195,1.33,0.81,1.0878,6.02,1.19,2.44,40.64,26.5324,69.4,327.15
1,1.817,629.1571,722.07,4.83,2.5599,11.77,21.96,5.81,184.55,161.129,80.6,177.14
0,1.9906,0.5721,0.2,3.03,0.6259,0.64,2.89,2.05,152.33,158.3087,32.3,241.33
0,1.3768,2.9746,0.67,2.34,2.1388,1.59,0.15,1.56,555.03,16.2711,41.1,74.55
1,2.0048,61.5885,766.54,2.62,3.3164,13.68,20.69,7.95,181.39,82.582,274.9,327.58
1,1.0665,0.3364,1.66,4.06,6.6542,0.23,2.68,0.48,17.94,81.0329,147,298.59
0,1.7697,2.6022,12.02,3.46,7.7398,3.02,0.4,0.73,32.73,189.5371,299.7,170.95
0,2.5919,41.7749,42.13,4.83,2.5279,2.74,3.76,2.83,46.51,30.1896,147.6,209.89
0,0.838,0.1104,32.34,0.99,0.8559,4.86,0.98,0.19,13.39,83.1286,140.6,97.83
1,0.3599,0.7478,3.98,1.42,1.944,0.22,0.66,0.33,6401.02,20.864,10,12.77
0,1.4417,4.0425,1.75,0.59,0.7243,0.66,0.83,0.58,68.06,55.9428,51.4,197.91
1,0.7656,0.8655,29.33,0.66,6.5936,1.08,0.77,1.71,153.48,70.5088,90.8,57.93
0,1.0904,6.5095,138.63,1.01,4.1427,1.19,2.8,0.54,712.15,65.0218,38.1,179.52
1,0.567,41.8323,4.34,1.56,6.7088,2.39,0.8,1.46,262.28,43.9995,52.1,64.54
1,0.6699,0.7205,168.38,1.9,1.1418,1.99,1.27,1.57,3.61,146.8953,105.5,333.37
0,1.0305,252.6858,397.76,0.91,18.9553,3.74,16.82,3.59,185.71,274.9112,59.5,124.4
0,0.5618,12.9872,50.87,0.35,6.8141,9.42,4.15,8.35,31.49,52.1214,80.8,69.47
1,0.5263,0.2417,1.5,0.79,0.5459,1.5,1.19,0.59,70.47,83.2606,86.9,33.47
0,2.3278,0.3602,0.09,0.97,1.0703,1.27,0.62,0.74,28.36,82.5839,53.7,371.27
0,2.9124,26.9903,7.84,5.53,14.358,0.76,2.56,3.16,309.75,327.1181,56.4,132.95
0,0.8405,0.427,16.24,0.79,1.1178,0.2,1.12,2.03,853.67,148.289,113.9,159.65
1,0.6212,0.2177,0.65,0.97,1.0352,2.23,0.5,0.84,57.09,36.2224,390.7,65.02
1,0.2205,0.017,0.06,0.14,0.393,0.16,0.28,0.15,53.91,60.5495,26.8,60.1
1,1.8997,92.0793,4.3,1.99,4.227,3.49,0.7,1.26,317.2,7.0555,14.7,141.25
0,0.7568,0.6132,0.55,1.04,0.9055,0.51,0.79,0.67,81.74,292.2658,288.4,780.75
1,0.4061,0.4895,1.05,0.53,1.2633,0.41,0.48,2.03,51.65,34.6145,175.2,138.13
0,1.0409,5.008,2.05,0.65,0.6424,1.03,0.42,0.85,101.61,32.4553,20.9,25.41
1,0.3345,0.2587,0.47,0.39,1.4479,2.08,0.6,6.07,155.41,91.4014,298.9,268.38
0,2.7363,870.4994,124.93,1.32,187.1781,23.22,12.78,2.52,20.74,16.2901,120.3,23.59
1,0.4731,3.3724,108.96,0.65,45.5502,1.71,0.23,3.2,626.82,68.4926,151.5,114.83
1,0.3369,1.6887,0.77,1.26,6.1104,1.2,0.58,0.42,1079.57,87.2744,144.4,222.31
1,0.8082,0.3286,1.79,1.22,0.6766,1.2,5.18,1.18,83.43,59.659,109.8,177.37
1,2.0201,120.6169,127.48,1.43,27.5382,2.36,2.84,4.75,89.91,284.5382,46.7,7.87
0,0.5263,2.0663,8.6,1.08,1.3196,5.63,3.83,1.6,249.55,90.3527,49.4,67.9
0,0.7395,6.5278,0.04,0.83,0.7261,1.92,0.59,0.48,10149.25,51.7717,27.6,54.43
1,0.5301,0.0619,0.22,0.83,0.3674,1.12,1.03,0.87,105.52,106.5563,107.9,858.58
1,1.5551,5.81,2.79,0.72,25.7046,12.29,0.47,5.31,35.89,53.8387,68.3,26.38
1,1.1981,0.2232,176.25,1.99,0.9795,0.63,3.58,3.54,20.88,80.312,60.3,24.1
1,0.2605,6.5984,4.04,0.32,1.0197,1.74,0.22,0.7,165.75,198.3508,283.5,127.72
1,0.5001,0.0991,6.41,2.38,1.4077,0.71,0.78,0.61,28.05,121.3944,158.5,313.36
0,0.6015,11.5118,10.53,4.88,5.2498,6.39,4.15,0.31,269.3,63.2157,44.9,39.95
1,0.2218,22.5775,1.04,0.73,1.8031,2.92,0.13,0.52,1607.7,4.6057,3.3,300.98
1,0.9351,0.3952,2.11,1.32,0.2339,0.77,0.52,1.45,19.33,144.5056,87.2,96.31
0,1.194,67.4141,12.38,0.56,15.2854,39.36,2.75,2.38,172.28,101.5086,42.1,100.82
0,1.5112,11.1276,0.85,2.58,5.8217,0.45,1.63,0.95,150.67,72.2876,52.3,279.72
1,1.1442,7.1045,30.51,0.25,5.918,19.4,4.64,0.84,184.27,98.9471,389.8,124.43
0,0.5042,0.4094,0.59,0.51,1.509,0.89,1.22,0.26,381.52,109.8102,86.6,358.24
0,0.8187,0.4372,1.12,3.37,3.4843,0.17,0.43,0.49,8.65,57.0198,54.1,543.13
1,0.4925,0.4035,1.91,1.27,3.1137,0.68,0.38,0.94,304.58,102.0218,86.4,25.93
0,1.2724,5.9362,3.83,0.89,1.1082,1.6,16.95,0.71,166.48,93.3038,154.4,52.14
1,0.5591,0.4599,0.21,0.32,1.8073,1.44,0.62,1.37,39.55,21.2652,79.4,156.79
1,0.6824,0.3031,201.99,0.35,1.991,0.91,0.42,1.6,2410.77,141.4552,434.1,117.6
1,0.3906,0.6653,0.57,1.54,0.8908,0.87,1.71,1.55,55.9,58.606,67.5,8.1
0,3.4743,14.965,1.33,2.84,5.3558,11.17,0.56,8.81,1413.67,5.6384,11.2,223.08
0,1.1229,3.518,7.76,1.21,5.0712,3.62,1.33,0.89,110.8,84.3476,172.5,15.68
1,1.6021,3.8362,1.54,0.54,2.9005,0.15,1.71,1.41,10.31,64.4896,93.7,82.94
0,1.2401,4.0582,4.45,1.76,1.4583,1.86,0.15,0.78,504.5,233.6913,192.3,272.22
0,0.7554,10.8837,0.51,0.31,1.1085,9.36,0.1,0.32,21.87,44.9769,47.9,2.72
1,0.4978,1.623,13.92,2.08,4.5641,0.91,0.97,0.75,19.92,108.9947,29,276.25
1,0.5183,3.8745,68.12,0.83,0.829,4.25,2.08,2.46,35.12,66.533,40.8,49.34
0,4.2928,34.334,15.57,9.06,13.7646,6.29,4.95,8.88,7.14,33.1115,135.5,86.41
1,1.4149,0.0249,0.84,0.8,0.1879,0.54,2.74,0.3,23.39,56.6762,72.3,160.68
0,0.8057,1.5032,0.36,0.44,2.7791,0.22,0.14,0.78,86.52,8.8332,44.1,15.71
0,1.9864,39.9937,3.97,0.45,3.919,15.02,8.94,1.98,6.91,80.4625,16.7,7.38
0,1.0378,1.1557,1.12,0.51,0.95,0.77,0.08,1.36,336.22,317.0783,111.4,112.3
0,1.9955,0.2983,8.73,0.33,1.7938,2.37,1.27,1.91,932.53,140.9029,118.6,338.73
1,0.6438,0.155,0.41,0.96,0.4798,1.1,0.68,0.77,24.45,118.9093,47.8,286.38
1,0.8118,0.7367,1.13,0.49,0.5002,4.17,0.66,1.52,2981.3,6.6648,4.9,71.99
1,1.4063,0.5836,12.37,5.4,1.3877,0.91,9.48,2.31,305.43,22.9394,55.2,200.22
1,1.1961,31.4075,7.5,0.82,11.7236,0.99,5.75,1.32,135.71,49.7665,136.5,63.53
0,1.9542,0.2722,0.6,2.95,1.171,4.95,17.8,2.1,24.14,67.0683,38.1,209.28
0,0.3983,0.1427,6.65,0.8,2.0423,0.8,0.15,3.79,41.07,746.3318,74.2,34.34
0,1.4855,2.3032,10.39,2.18,6.4223,4.24,8.7,4.83,830.11,90.6618,31,38.38
0,3.2149,16.1511,63.4,0.94,1.4495,8.71,4.57,4.48,15.19,57.7607,207.1,110.52
0,3.1899,2.1915,0.2,5.07,12.2828,39.52,0.4,3.97,4606.8,6.5738,2.8,78.18
0,2.4139,4.3935,10.99,0.46,0.5284,0.8,1.72,0.97,60.34,141.3069,27.1,77.12
0,1.6924,7.9615,32.18,4.41,2.3857,1.21,1.21,2.7,471.05,42.7297,53.7,106.96
1,1.3037,0.6871,1.61,2.98,1.8807,1.72,1.06,1.26,41.38,48.8918,59.1,93.66
1,0.6083,1.2923,1.9,1.26,0.9566,1.25,1.85,0.94,38.76,42.5628,69.3,45.77
0,0.5057,0.8824,0.12,0.23,1.4766,4.95,0.05,0.72,657.43,529.4007,35.9,11.62
1,0.4243,1.031,51.95,3.44,1.6856,1.23,3.32,0.88,110.88,189.6513,39.9,126.17
1,0.8564,2.0369,5.05,1.37,3.8035,0.56,0.72,0.5,128.02,48.1818,98.9,171.41
0,0.8349,1.6363,0.37,0.39,1.5919,2.09,1.17,1.26,39.38,124.2398,43.4,136.44
0,0.635,2.674,2.37,0.89,0.4441,4.14,0.21,1.03,126.75,94.3271,28.3,87.43
1,1.4517,7.6762,0.09,3.59,0.2312,3.48,0.19,0.66,223.94,37.364,229,83.83
1,0.4387,0.7093,1.54,0.44,8.6741,0.74,0.6,0.91,12.81,143.9953,92.6,70.01
1,0.1951,0.8336,8.79,0.49,0.5241,0.16,0.22,0.56,20174.96,238.799,138.1,33.12
1,1.3782,261.5269,276.6,2.06,146.2143,24.27,0.72,2.13,246.53,74.389,93.3,11.51
0,1.1243,0.7551,4.54,1.29,5.0127,1.89,1.77,0.8,4443.37,116.6681,339,139.52
1,0.3484,2.1394,22.91,0.6,0.9301,4.18,0.05,0.32,24.78,89.873,53.4,28.12
1,1.4931,0.1758,1.67,0.77,2.9653,0.44,14.01,0.82,24.41,85.313,195.4,250.95
0,1.4268,0.5672,15.29,1.1,5.0259,1.55,0.07,0.51,983.44,217.8051,84.4,292.13
0,0.5965,1.621,23.46,0.67,4.4412,6.35,1.25,7.94,107.75,180.273,126,59.26
1,0.6694,0.0845,2.88,2.25,0.6459,1.02,0.21,1.05,11.43,73.4124,123.5,54.85
0,0.9218,6.7389,0.45,1.41,1.2428,0.42,0.78,0.91,107.15,126.8281,71.6,148.17
0,1.4959,8.5699,4.18,2.21,1.3579,8.55,10.54,3.02,16.31,53.5182,70.8,145.41
0,0.4878,6.1893,2.3,0.41,1.1685,2.14,0.73,0.28,97.09,2934.5985,34.9,54.87
0,0.855,0.2267,2.17,0.45,5.3936,1.09,0.58,1.7,34.67,60.8372,50.4,59.49
0,2.6007,216.6261,197.13,0.78,30.282,8.93,10.31,2.7,146.48,210.8613,725,157.31
0,1.905,0.7539,4.81,2.83,4.1743,0.68,1.65,4.5,45.67,67.9396,25.4,150.74
1,0.5614,0.1319,0.89,1.01,1.8189,0.79,1.22,0.43,144.75,53.6999,36.1,81.48
1,0.3182,1.1584,0.15,0.96,4.5736,0.68,2.64,0.82,300.82,27.3863,101.8,30.34
1,0.5253,2.9267,16.36,0.37,3.7202,13.55,0.16,1.16,3501.18,18.8769,23.5,22.44
0,0.383,1.2911,1.08,0.79,0.742,0.28,8.22,0.38,69.9,62.4534,138.1,98.57
0,0.67,3.6968,0.07,3.12,0.971,0.32,2.41,0.45,18.74,93.2393,14,94.51
1,2.1967,48.4255,405.06,0.57,1.3525,11.46,5.84,5.47,129.21,67.1802,25.2,23.86
0,1.4646,0.8116,0.43,0.25,5.1604,2.23,0.43,0.43,93.35,54.567,40.9,261.9
1,1.154,0.5112,1.19,3.72,0.3624,1.15,1.6,1.51,170.89,311.3062,234.2,51.56
1,3.595,118.6451,235.54,2.01,2724.3491,5.3,2.03,11.59,85.35,138.6361,121.9,34.95
1,0.5578,0.5764,14.91,1.06,0.6609,2.02,0.44,0.91,121.91,63.6664,66.4,226.02
0,1.6167,77.8793,178.19,2.23,2.3028,14.46,4.42,1.75,275.35,117.8987,170.4,54.47
1,0.7317,3.0077,0.16,1.43,4.6624,3.48,0.58,0.98,85.74,47.3835,30.9,176.04
1,0.8542,1.1141,2.28,0.31,1.6943,1.3,1.37,0.82,191.35,47.5691,105.4,59.53
1,0.3929,0.2127,10.76,1.06,1.7538,1.27,0.41,0.44,122.83,44.3346,147.5,63.93
1,1.2277,4.1926,0.59,0.25,1.3908,2.24,2.67,3.02,223.32,351.8421,159.2,24.97
1,1.0095,12.1026,5.36,0.68,3.3979,2.14,2.75,2.8,55.96,87.0646,411.5,107.28
0,2.2117,2.7809,72.16,0.53,3.9929,4.22,7.95,1.27,281.34,166.7379,130.1,104.48
0,0.7939,3.1155,2.92,0.23,8.1636,2.37,0.15,0.52,353.22,86.2217,80.7,397.78
1,1.1101,1.8184,0.49,0.23,0.8486,0.7,0.36,0.79,44.46,68.1212,198.6,244.17
1,0.2706,0.0258,3,1.03,0.5735,0.08,0.43,2.42,4720.59,50.7813,182.1,76.9
0,1.4449,0.9114,0.13,0.51,0.2457,5.13,4.39,0.78,235.12,31.519,30.5,121.78
1,0.5873,0.9111,12.88,0.39,16.197,4.8,1.18,15.07,161.48,23.5396,38.5,30.06
0,3.5359,106.1505,686.6,1.91,12.0208,21.44,0.89,2.47,1496.88,67.7516,35.8,45.01
0,0.8906,0.6714,0.16,1.23,2.1742,1.17,0.21,0.81,535.47,65.5119,79.3,36.61
0,3.4901,52.2986,187.24,15.92,12.012,0.94,31.96,1.73,1061.11,107.95,96.1,25.54
0,0.73,0.7307,0.99,1.16,0.9955,6.19,0.45,0.76,487.32,49.6261,329.2,200.06
0,1.1783,5.3957,4.47,2.58,9.2743,3.56,1.93,4.06,59.9,84.3131,73.5,109.11
0,2.0319,33.2034,13.32,1.48,10.6429,0.89,4.42,1.46,121.18,85.3412,106.3,14.24
0,1.6609,0.5033,4.79,8.72,2.7351,11.81,0.54,1.42,329.7,142.4298,356.6,59.13
0,1.3624,8.0174,13.52,0.23,1.3536,0.6,1.1,1.15,6.24,147.3249,98.2,297.11
0,0.9004,2.0599,32.77,1.46,3.0068,4.34,0.84,1.45,1532.59,206.4876,137.7,35.46
0,3.0046,7.1995,0.54,1.2,1.1008,1.78,1.19,0.6,57.03,5.1432,11.4,0.1
0,0.8415,1.1777,4.59,0.77,1.0156,2.4,0.15,0.54,129.72,50.288,163.5,457.46
0,0.7891,3.7121,3.84,0.14,4.2879,7.72,0.54,0.22,1964.38,69.1682,75,9.15
0,1.9467,8.3876,0.06,1.72,0.932,0.93,1.4,0.32,201.42,108.6729,50.4,173.8
0,1.477,13.4095,1.27,0.53,1.5726,7.81,1.42,1.92,127.49,210.3632,112.3,34.18
0,0.6169,1.991,6.15,2.25,12.4847,20.35,0.81,1.48,373.51,61.734,35.4,228.37
0,1.6783,1.5592,1.43,0.25,2.1588,1.32,0.24,1.55,38.73,220.6758,99.5,132.26
0,0.4746,2.4851,1.33,0.65,3.0398,0.93,2.31,0.92,370.88,10.4977,12.7,65.65
0,2.4386,0.7169,1.34,2.08,2.0957,3.51,4.33,1.71,13.45,47.5289,22.9,197.37
0,0.3454,0.218,0.69,3.51,0.1271,3.39,0.49,0.26,3.26,25.7944,73.2,11.91
0,0.3841,1.0181,1.44,1.68,5.6288,0.31,1.67,0.78,67.34,169.36,59,103.75
0,0.5651,18.4377,14.74,0.1,4.7602,13.49,0.47,0.18,1499.94,48.7118,22.5,24.02
0,2.2196,50.6029,5.19,0.46,1.6362,12.56,4.12,2.4,70.36,76.3989,28.1,83.29
0,1.5521,7.3309,7.15,0.91,1.2512,0.67,0.59,0.9,14.17,102.9169,50.6,173.69
0,0.6813,0.9912,107.64,3.04,2.3437,1.44,3.99,2.29,111.19,94.1717,133.6,44.25
0,1.7858,3.1385,1.5,3.6,3.9683,0.62,1.35,0.87,187.31,106.217,73.4,46.82
0,0.4842,0.5082,1.81,0.09,8.5066,10.14,0.09,0.15,950.39,129.2935,77.4,156.88
0,3.3338,5.8231,282.34,0.62,12.1355,9.16,1.05,4.93,150.84,69.8659,53.7,57.65
0,1.1986,860.7016,323.53,2.34,979.9851,3.07,1.09,9.15,79.66,72.2209,86.9,9.81
0,1.3127,0.4838,0.89,0.33,1.0269,3.91,0.38,0.72,423.72,359.7691,62.2,69.82
0,4.3591,57.6973,6.87,1.77,1.6827,4.48,0.28,2.13,6157.22,4.978,3,86.57
0,1.2632,1.5185,1.06,1.4,0.3321,2.16,0.83,0.5,88.25,226.257,69,180.71
0,1.8503,1.5764,3,0.94,42.8331,6.56,3.77,2.63,47.53,54.8464,131.9,41.3
0,0.6887,0.4588,1.53,0.82,0.9331,0.72,17.28,1.15,37.02,17.4041,59.2,41.33
0,1.9063,0.1948,0.7,1.33,4.1448,5.89,0.26,1.98,150.73,148.5491,100.4,161.98
0,1.0629,3.5681,0.03,1.97,0.333,0.08,1.04,0.3,50.8,37.1838,55.8,12.38
0,0.7941,1.5211,0.12,1.7,1.8839,1.01,1.62,0.62,49.98,88.4085,125.7,70.6
0,0.5483,1.3355,0.09,0.62,4.1174,0.51,1.55,0.68,85.45,825.6188,84,81.03
0,2.2799,47.0406,163.65,6.06,15.798,29.15,10.34,4.8,585.98,25.3995,33.7,2079.07
0,2.1091,12.5697,0.66,0.66,4.1994,2.5,0.93,2.25,1160.14,107.5878,406.2,87.69
0,1.4201,0.7667,0.69,2.73,0.8552,1.4,1.57,0.68,42.24,109.5,98.4,157.29
0,1.6799,0.387,0.3,2.69,1.9723,0.31,0.38,0.99,82.39,52.0532,56.7,60.04
0,1.685,1.7931,1.97,2.74,7.6168,4.23,2.32,0.68,376.3,156.4508,27.9,221.15
0,1.2368,1.7935,1.6,0.35,10.3811,3.64,4.61,3.27,134.93,167.8615,196.3,200.86
0,1.09,3.9022,200.69,0.13,19.0967,31.61,10.42,3.2,51.22,78.3451,270.1,742.13
0,1.4443,6.1046,1.9,0.69,30.0718,1.18,0.79,1.86,1252.52,45.5523,16.6,332.67
0,0.6802,1.4434,0.2,5.28,1.4054,0.29,2.07,1.17,306.31,32.588,75.5,52.68
0,0.6773,0.2203,0.08,0.11,2.8848,0.22,0.29,0.09,44.18,83.6542,168.7,157.07
0,2.2782,78.2765,83.5,1.61,23.1777,3.43,3.44,1.25,165.78,246.2455,342.6,714.5
0,1.1248,2.2624,1.22,0.56,0.3657,0.35,1.56,0.93,38.63,40.8498,516.2,57.05
0,2.3541,31.0165,9.06,0.28,3.1036,39.24,1.35,2.57,181.81,23.1859,31.4,125.3
0,3.8846,0.1021,1.03,0.72,0.3444,0.25,3.72,0.86,51.65,90.7029,38.6,216.59
0,0.3002,3.5476,0.12,0.11,9.207,4.77,0.06,0.09,568.81,39.2641,165.3,51.56
0,1.1748,1.2697,3.06,2.51,16.2807,12.98,0.6,7.38,1444.03,207.7444,183.5,40.55
0,6.6286,93.1796,386.79,8.16,8.8012,2.5,6.43,4.98,1912.4,14.8459,19.5,1.03
0,1.2327,2.8652,1.94,1.04,2.0032,7.11,2.43,2.21,272.6,166.7012,592.2,568.92
0,0.899,15.0648,58.49,0.63,11.8425,1.04,1.84,1.95,143.61,110.8027,112.4,63.36
0,1.606,5.6222,1.26,0.73,1.8029,1.79,2.25,2.28,119.12,56.8469,159.3,71.74
0,3.2869,0.1397,2.57,0.83,6.027,0.62,0.82,3.46,3.79,42.9428,146.5,89.44
0,1.3311,3.4156,3.08,0.3,1.7515,5.14,4.89,1.36,24.39,46.5767,69.3,365.27
0,2.8073,236.1071,691.77,7.58,28.1773,7,6.81,1.99,100.77,102.6201,131.7,70.58
0,0.3516,2.9758,0.53,0.16,7.913,2.85,0.1,0.04,1290.78,59.2839,68.2,44.03
0,0.2421,0.3947,0.87,0.79,1.8756,1.16,1.18,0.64,39.02,124.1778,40.6,331.43
0,1.4986,84.5566,23.19,1.16,16.2515,15.04,0.75,3.36,10.2,35.8771,62.4,108.72
0,0.8257,35.5015,2.87,1,3.867,0.98,9.33,6.97,43.8,24.1825,62.6,59.39
0,1.1231,8.4269,3.38,1.4,1.9843,5.49,1.08,0.96,271.87,73.4032,49.9,19.42
0,2.0516,0.1539,0.53,1.17,5.4852,1,2.48,0.17,96.34,53.7478,24.2,109.85
0,1.4373,2.2269,0.57,0.73,2.4268,1.38,4.44,3.92,189.01,51.2976,52,123.43
0,4.382,63.523,494.24,3.99,37.3643,19.6,2.41,3.9,212.54,32.759,19,731.62
0,0.6524,0.1224,2.45,0.54,1.0588,1.72,1.13,0.57,108.08,98.6952,116.8,35.3
0,0.4417,0.997,1.48,1.17,1.2809,0.89,1.55,0.44,5.33,167.4373,44.3,7354.66
0,0.7564,0.7881,21.07,0.19,1.9508,5.66,4.07,0.27,21.37,138.6818,42.6,194.99
0,2.4413,20.3317,10.25,8.83,4.4175,21.67,1.53,3,1895.61,86.4072,307.6,251.18
0,3.276,4.0372,1.12,2.85,3.1661,12.13,5.98,2.7,376.21,60.5492,26.6,12.49
0,0.8619,0.4991,0.07,0.8,9.2874,0.37,1.06,1.26,24.59,218.7939,223.2,195.86
0,2.0197,1.599,1.74,1.58,9.4556,0.65,6.15,3.2,39.98,98.0045,124.7,329.52
0,3.5525,0.6911,0.27,1.55,0.5819,5.05,27.33,6.59,94.48,21.5544,13.8,144.93
0,1.1105,7.4426,2.38,1.92,0.8597,0.57,1.02,0.93,187.45,62.7681,96.7,15.8
0,2.971,0.1317,0.99,1.42,0.8813,0.81,4.35,0.8,251.31,130.4652,40.3,301.08
0,0.6414,8.1927,0.85,0.86,2.0104,0.12,1.39,0.93,204.84,81.6128,30.7,93.01
0,3.8144,4.7508,11.08,3.45,8.8078,5.35,1.87,1.09,733.63,14.3323,54.3,136.25
0,1.0759,0.3761,0.93,0.99,1.0788,0.1,3.02,0.82,95.19,99.2117,27.7,109.88
0,1.3064,1.8591,0.33,1.75,2.067,0.28,0.66,0.27,221.99,111.5907,51.5,61.25
0,1.7182,1.3343,98.67,1.91,47.9899,33.7,2.31,2.72,661.08,99.511,127.3,45.38
0,1.1905,17.6503,54.83,2.99,5.593,51.39,11.38,3.95,1085.63,86.5322,377.3,474.76
0,4.6046,8.0321,2.49,1,47.882,19.67,6.05,12.63,150.74,49.0639,390.4,550.13
0,1.5359,0.6619,2.36,1.99,4.015,2.65,0.25,0.43,16.86,277.5223,179.6,105.29
0,1.3682,2.5699,3.88,15.21,13.2332,62.43,2.59,7.24,347.99,98.759,246.7,38.2
0,0.4261,0.0617,0.42,2.04,1.9655,3.17,1.07,0.44,49.68,424.6509,75.3,67.5
0,1.3451,1.1896,4.66,1.67,0.9467,2.16,0.49,1.33,11.43,165.9964,31,71
0,0.7175,3.3356,1.17,0.83,9.096,2.48,2.26,1.42,61.13,154.2243,65.2,42.36
0,1.8059,1.0717,57.91,0.54,11.223,53.53,6.56,4.62,724.28,72.4603,201.7,149.66
0,0.2697,0.7314,0.3,0.07,2.4072,2.29,0.3,0.06,3056.35,126.112,92.4,5.5
0,0.9611,5.5731,55.68,1.58,15.0896,12.8,1.47,4.11,1702.54,104.3001,85.5,48.3
0,0.7492,20.3339,59.39,1.38,0.6682,0.81,2.41,1.45,26.1,78.6395,127.8,598.25
0,1.9245,3.4443,4.18,1.28,0.7498,1.86,2.67,0.66,249.35,584.6204,129.2,43.02
0,1.4811,5.7179,84.52,0.1,10.3938,29.59,1.25,1.38,463.34,221.4173,126.3,90.69
0,0.8075,0.6888,3.68,2.01,0.3651,1.09,3.6,0.83,31.1,69.6768,106,123.65
0,0.7991,1.4266,5.16,1.85,0.6582,2.17,0.57,0.62,28.92,38.8428,88.3,75.66
0,1.565,4.1847,52.68,1.07,3.7328,9.7,2.5,1.98,38.25,88.3383,246.3,37.68
0,1.5981,28.2091,1.46,1.47,3.5589,4.59,1.06,2.97,258.81,263.4752,31.4,40.5
0,1.0462,1.2786,0.3,3.78,3.0294,11.54,2.38,0.8,166.36,90.7151,80.4,40.99
0,0.304,0.1815,2.54,0.52,0.2639,0.1,1.12,1.07,512.76,69.4559,72.5,147.01
0,4.2758,218.1596,2.71,0.82,8.2479,27.24,0.8,0.72,58.38,119.1524,111.9,45.66
0,1.8342,2.4841,3.94,1.89,2.0568,2.31,1.18,0.61,406.75,82.8288,41.8,60.58
0,3.6768,0.6474,0.77,1.32,1.8836,1.79,0.62,0.49,152.72,84.2237,88.7,66.98
0,2.4797,79.6415,55.28,1.61,13.7247,4.6,23.5,2.98,4599.48,19.3181,7.5,0.38
0,0.9929,1.7457,0.6,1.66,2.1703,0.25,0.43,1.2,26.06,107.6609,90,92.72
0,0.8584,3.9825,35.7,0.92,25.2784,8.16,0.51,1.7,136.89,11.9336,44.6,105.2
0,1.0912,1.1588,1.65,1.21,3.8612,4.6,0.68,0.42,157.04,112.9023,23.5,121.34
0,0.8872,40.8832,41.47,2.23,10.0989,7.29,5.7,1.65,13.84,83.8707,57.9,14.84
0,1.4618,0.369,0.56,1.51,2.6983,0.65,0.86,1.47,268.37,7.2105,2.1,1.85
0,0.6659,1.671,116.6,0.57,34.0853,6.02,1.54,3.23,2.36,42.064,68.4,203.44
0,2.0088,13.4133,0.36,8.57,2.2533,27.35,1.65,2.51,22418.52,18.9328,134.2,5.26
0,0.9892,1.8014,0.26,1,5.2707,14.51,2.75,4.87,154.16,32.2698,148.2,12.3
0,0.304,22.3733,0.32,0.69,2.7266,0.35,0.52,0.61,4457.1,14.5384,45.4,29.38
0,0.8913,1.1192,2.03,0.83,7.3165,4.1,3.17,1.02,23.63,81.5394,66.3,55.42
0,0.5692,2.6148,2.21,5.81,2.0594,11.14,4.31,2.98,99.97,67.0422,178.6,96.69
0,1.0742,1.7764,21.66,0.57,5.2469,7.4,1.04,3.55,173.46,150.1536,150.5,57.6
0,1.7611,8.4894,3.18,0.82,1.7104,4.56,3.9,0.65,2.8,54.0491,76.1,360.62
0,1.278,2.4281,0.93,0.66,3.6363,0.37,1.02,0.69,935.33,118.2937,25.5,23.2
0,1.5194,23.8551,1000.3,1.59,17.1682,13.49,13.79,2.15,20.74,255.9743,312.9,378.74
0,0.8763,2.4197,3.6,0.47,0.7637,0.45,0.11,0.55,1424.93,3.0967,3.8,60.16
0,0.802,0.8606,7.78,3.56,0.7114,1,1.24,1.99,91.85,81.2098,30,62.22
0,1.4827,0.9616,12.01,2.31,4.0961,4.66,29.96,1.77,0.79,36.0978,75.5,2.06
0,1.2371,0.3914,1.12,0.6,2.2012,3.05,1.26,0.68,232.71,156.7024,76,120.1
0,4.8527,24.3072,10.5,1.52,6.2724,15.89,17.54,14.86,2.34,39.296,78.1,469.93
0,0.7997,1.8683,0.48,1.1,0.7919,0.69,0.29,0.52,16.8,62.1196,27.2,88.68
0,1.5977,11.736,0.06,1.12,0.7747,1.09,0.15,0.66,36.2,162.1158,90.7,20.3
0,1.8827,4.4848,14.12,1.79,0.7343,1.06,4.01,0.99,25.3,158.3007,209,254.78
0,0.6949,15.7849,27.09,0.73,3.0063,0.61,24.36,0.86,226.04,126.7689,123.9,68
0,1.0754,0.4582,0.5,1.47,2.2379,1.16,0.53,3.04,229.7,775.2199,875.3,156.47
0,0.5323,1.4241,0.11,0.79,19.2744,1.48,1.42,0.33,103.66,11.4957,43.6,748.9
0,3.2041,88.273,87.76,2.04,12.6677,0.34,12.03,6.06,1349.4,101.4303,59.9,3.57
0,0.3414,1.7083,20.64,0.15,29.4264,15.86,0.04,0.24,1339.13,74.8678,120,24.56
0,0.4317,1.6261,943.23,0.66,0.5957,2.48,1.01,1.85,1349.09,17.5286,5.7,9.69
0,0.971,6.5026,6.74,1.23,0.3798,1.23,0.95,3.86,51.76,150.1571,17.6,488.06
0,0.6407,0.1072,2.13,0.56,4.694,1.27,0.25,0.57,99.56,83.3884,86.4,235.66
0,0.5021,0.583,3,0.28,4.117,2.31,0.44,0.93,158.68,422.9507,158,29.41
0,0.875,1.9323,5.55,1.18,0.2499,3.48,0.85,0.91,44.45,89.9979,64.7,130.64
0,1.4425,0.7213,2.63,1.75,0.8853,3.33,1.09,0.72,26.26,53.0439,412.6,275.52
0,0.7502,3.1987,0.56,2.45,1.5221,1.49,2.88,0.36,210.61,255.6052,203.4,231.15
0,1.6365,1.1091,0.57,0.51,1.08,5.01,0.85,0.3,65.43,49.9906,141.3,45.86
0,0.7275,0.3012,56.7,1.48,0.9546,3.29,1.64,0.45,108.91,159.8032,34.1,266.67
0,3.1646,1.7316,15.74,1.11,1.2986,6.1,5.61,2.87,3.98,128.2495,109.1,2.37
0,1.2592,10.6284,154.49,0.27,22.3623,47.97,13.91,4.07,1078.85,654.2576,66.5,286.75
0,0.2925,0.2952,0.03,2.4,1.5522,7.57,2.05,0.45,18.81,48.2355,67.1,34.12
0,1.5992,204.9411,134.45,1.15,0.8278,9.85,12.16,1.49,0.39,106.1747,139,16.82
0,5.776,48.2295,172.29,1.21,4.8753,2.26,3.1,8.26,150.1,42.1134,22,256.95
0,0.5353,0.2139,0.78,2.76,0.9648,0.73,0.84,1.29,56.07,131.6378,37,4987.03
0,0.7126,7.8966,1.84,0.31,0.8886,0.63,2.26,0.78,1.78,46.2567,75.3,1788.55
0,3.1298,43.5385,640.86,0.21,28.8946,13.89,1.52,0.95,58.47,22.6857,125.6,312.09
0,0.715,23.0422,0.75,0.43,0.2622,1.94,2.25,2.32,406.66,152.0573,74.3,73.99
0,1.7912,6.6211,24.17,4.82,4.02,26.44,14.93,5.59,342.58,48.8074,37.1,28.66
0,1.8857,1.0406,1.6,1.68,9.4059,8.72,0.77,2.73,75.44,276.8857,123.6,78.7
0,0.6922,11.9928,0.47,1.17,8.1793,1.02,0.19,0.17,234.08,61.7679,48.9,38.2
0,0.9053,0.2776,0.64,1.11,0.6344,0.59,0.68,1.56,104.66,94.5159,502.7,36.22
0,1.2358,0.3726,0.09,0.74,1.1215,1.22,0.98,1.56,28.61,89.9988,93.8,113.45
0,2.1186,30.7004,245.89,1.74,40.9086,5.94,80.18,3.87,15908.15,19.1968,29.7,1.12
0,2.0248,0.396,0.06,1.92,0.4085,0.7,0.2,2.81,23.18,108.7039,85.7,352.26
0,0.7419,0.1624,0.3,1.11,0.3079,2.13,0.44,1.99,67.39,68.8209,47,68.25
0,0.5832,0.4827,11.89,0.28,1.207,0.33,0.3,0.62,1148.22,67.1599,1213.7,72.04
0,2.5426,48.8921,59.86,0.59,0.9981,28.32,2.36,3.18,588.16,76.901,54.6,73.99
0,1.5279,11.183,2.5,1.24,24.4528,11.37,2.5,4.28,468.59,28.15,97.6,231.51
0,2.0273,0.5101,1.51,1.46,2.452,0.29,0.51,1.11,10.98,150.3752,63.2,340.12
0,0.6,33.8289,4.64,0.89,1.4684,4.08,12.93,0.92,205.73,161.7544,71.6,80.03
0,2.3226,41.6831,134.43,3.93,295.6279,15.32,7.43,3.68,44.68,49.962,47.7,30.35
0,0.3834,0.0917,0.35,0.93,1.6496,0.72,0.22,1.05,292.32,22.3509,55,440.29
0,1.065,0.0893,0.65,0.7,1.2216,2.93,1.3,1.5,215.48,21.6006,69.8,341.36
0,2.888,3.0121000000000002,17.23,1.69,15.5625,0.85,0.83,1.68,799.31,207.55,65.3,17.28
0,0.8912,7.5877,0.28,0.55,5.3987,1.12,0.15,0.6,7.55,172.1087,144.3,110
0,1.8018,6.2944,4.09,0.11,14.0163,6.53,0.66,1.55,19.79,52.8145,211.3,70.17
0,1.1757,0.8233,1.6,1.11,0.9235,0.72,0.98,1.11,59.18,58.9215,21.7,96.02
0,1.0996,1.7979,0.47,2.67,1.5406,1.52,1.34,0.39,129.99,749.6415,80.6,285.26
0,0.6083,13.1328,2.4,1.23,1.1381,2.2,0.5,0.84,53.54,245.0967,264.9,80.04
0,0.696,0.3557,0.36,1.71,2.3694,0.41,1.06,0.98,93.32,73.3355,61.6,161.1
0,0.8605,0.1145,2.05,0.67,1.4565,0.62,0.17,0.26,109.21,23.5696,31.1,113.68
0,1.0791,0.4863,2.4,2.19,3.6506,1.04,0.77,0.84,47.61,83.2984,28.2,71.92
0,1.1534,0.3694,8.03,0.11,1.8507,0.57,0.3,0.5,237.4,125.2462,114.1,113.04
0,1.1856,0.1403,0.11,1.38,0.6216,0.61,1.36,0.43,1.03,50.3712,40.9,9.21
0,0.2509,1.6416,8.91,1.39,1.4402,0.4,0.57,1.91,1573.82,114.0016,83.3,38.13
0,2.5522,1.5142,0.52,0.33,2.4804,0.9,1.41,0.3,28.6,128.9628,45.4,57.75
0,1.1758,1.8181,0.43,0.4,1.4519,0.96,0.56,0.9,758.35,8.6194,12.5,34.08
0,0.7912,0.0334,0.85,3.32,0.2013,1.82,2.25,1.32,25.59,105.018,79.6,10.16
0,0.8713,3.7248,0.58,0.24,11.2916,1.61,0.71,0.99,299.42,104.4805,168.5,128.97
0,0.726,0.1384,10.38,1.34,4.043,0.45,1.75,3.57,7.01,48.0888,197.7,202.75
0,0.4795,0.1662,0.15,0.21,6.6097,0.35,0.9,1.21,286.07,73.8888,35.2,80.66
0,1.2093,0.1382,0.11,0.84,5.593,1.25,0.72,0.86,2150.8,62.157,41.1,27.57
0,2.4625,2.8509,0.59,1.38,5.093,3.74,0.12,0.68,643.8,248.6393,447.5,17.25
0,1.118,24.9026,1.04,0.97,5.2354,0.19,3.74,0.18,132.29,110.7338,29.8,157.14
0,2.2841,0.1983,8.57,0.82,1.1938,1.64,0.7,0.25,3.82,97.3097,32.7,121.28
0,1.0962,4.9356,80.03,1.21,1.1411,2.87,4.01,1.16,23.49,154.4987,28.6,64.74
0,1.2315,7.0685,11.16,9.17,5.4005,3.09,2.74,3.82,204.8,55.345,43.8,6.1
0,0.9671,1.9151,12.44,0.49,17.5725,1.52,0.9,0.73,634.21,205.4759,315.3,140.09
0,1.7256,3.1256,0.46,0.7,1.0865,5.08,0.37,0.94,258.54,45.7613,83.3,114.4
0,5.7734,71.7017,123.92,1.33,7.0767,20.2,0.76,1.93,33690.49,7.837,9.8,57.72
0,0.9164,0.9979,4.55,1.05,2.5921,3.54,1.84,0.77,114.98,188.7973,119,97.94
0,1.318,0.3779,4.81,1.12,3.0907,4.68,1.29,2.29,91.38,66.2189,80.7,56.11
0,1.0711,0.3426,0.33,0.71,2.4661,0.26,0.34,1.06,14.11,170.2408,114,60.63
0,1.0798,0.083,0.51,0.55,0.3356,0.62,0.23,0.76,447.57,90.9743,119.1,106.72
0,0.9615,3.1646,1.21,1.61,1.7936,3.41,4.35,4.35,168.25,93.1292,96.9,37.44
0,2.6615,3.6542,26.89,1.76,0.4107,5.82,1.68,3.72,2065.12,264.1481,221,306.68
0,1.1667,0.4119,1.66,0.62,3.2331,5.26,0.66,1.24,48.47,26.9382,66.6,39.68
0,0.7558,0.5954,0.3,1.01,3.2729,0.21,0.86,0.62,8.49,121.1466,35.4,199.46
0,0.8902,1.3012,5.98,0.97,3.9827,3.77,30.09,2.43,5.91,204.3431,74.3,20.33
0,1.4084,0.1708,1.48,1.61,0.5471,0.51,0.2,0.78,31.79,252.9047,53.2,133.82
0,0.5537,0.4374,0.44,0.32,1.8242,6.27,0.34,0.28,13.3,152.5672,14.2,502.52
0,0.2679,1.1639,0.64,0.06,1.4447,1.06,0.27,0.05,10855.29,53.4757,49,104.94
0,1.3075,4.3993,0.51,2.17,0.7218,2.62,4.61,1.88,1910.27,143.5403,68.4,19.32
0,0.6034,0.4261,0.53,0.11,9.4311,1.86,0.9,0.55,562.68,145.7835,67.2,159.14
0,1.2042,859.6416,42.29,1.69,2.5709,0.97,60.8,4.89,17.85,81.8039,158,470.95
0,0.5868,3.2849,0.4,0.97,21.9665,0.22,0.7,1.52,289.81,5.8291,18.8,12.11
0,0.8082,0.5543,6.69,1.31,0.9591,0.75,0.44,0.77,70.35,35.5933,23.3,54.12
0,1.6291,9.4042,1.03,2.66,1.8836,2.2,9.1,0.33,163.81,334.9465,1219.5,1204.19
0,0.9698,0.6852,1.5,0.78,2.8113,1.67,0.29,0.38,27.23,156.8587,61.3,65.96
0,0.8178,1.8637,1.76,0.85,0.8859,0.86,1.67,0.7,14.39,101.0315,72.2,60.93
0,0.5887,1.9309,0.14,1.45,2.9227,5,0.82,0.66,105.76,285.6903,75.1,66.38
0,1.2827,182.0451,34.97,2.05,4.804,6.41,1.12,3.17,811.44,32.2429,156.3,52.2
0,0.5611,0.2263,1.51,0.99,2.9073,1.74,3.74,0.78,74.12,338.7589,197.3,114.17
0,0.7064,0.1606,8.28,0.52,2.7015,1,0.82,1.32,42.98,48.2839,11.2,884.63
0,0.4765,0.3244,10.75,1.33,2.5945,1.33,0.54,0.89,1.13,66.7337,18.3,114.15
